Order No,Sec Code,Price,Quantity,Buy Sell,Entry Time
17,EGS370W1C013,100,1500,buy,6/17/2007 11:31
18,EGS3A081C016,53.11,1000,sell,6/17/2007 11:31
19,EGS38641C014,24.47,1500,sell,6/17/2007 11:31
20,EGS650T1C019,113.54,2500,sell,6/17/2007 11:31
21,EGS70021C018,27.95,1000,sell,6/17/2007 11:31
22,EGS30241C011,24.45,1500,buy,6/17/2007 11:31
23,EGS55071C012,33.26,1000,buy,6/17/2007 11:31
24,EGS30301C013,37.37,1000,sell,6/17/2007 11:31
25,EGS13011C019,15.78,1000,sell,6/17/2007 11:31
26,EGS50521C011,50.69,2500,buy,6/17/2007 11:31
27,EGS65071C010,50.71,300,sell,6/17/2007 11:31
28,EGB690R1S528,100.03,4000,buy,6/17/2007 11:31
29,EGS48271C018,100.03,500,buy,6/17/2007 11:31
30,EGS21021C018,23.89,1000,sell,6/17/2007 11:31
31,EGS62131C015,55.05,3500,buy,6/17/2007 11:31
32,EGS60091C013,38.25,100,sell,6/17/2007 11:31
33,EGBGH00151F5,100,5000,buy,6/17/2007 11:31
34,EGS50261C014,53.12,1000,sell,6/17/2007 11:31
35,EGB60121G026,99.98,500,sell,6/17/2007 11:31
36,EGBGD01102V8,100.04,4500,buy,6/17/2007 11:31
37,EGS65581C018,33.28,50000,sell,6/17/2007 11:31
38,EGBGD00992V3,99.98,2500,sell,6/17/2007 11:31
39,EGS30461C015,31.1,200,buy,6/17/2007 11:31
40,EGS65681C016,999.92,1000,sell,6/17/2007 11:31
41,EGS37081C014,38.23,500,sell,6/17/2007 11:31
42,EGS67191C022,59.5,400,buy,6/17/2007 11:31
43,EGBGD01162V2,99.92,500,sell,6/17/2007 11:31
44,EGBGD00622V6,99.94,4500,sell,6/17/2007 11:31
45,EGS65091C018,82.91,500,sell,6/17/2007 11:31
46,EGS50671C014,27.97,3500,buy,6/17/2007 11:31
47,EGS651T2C016,55.01,4000,sell,6/17/2007 11:31
48,EGBGR00061F4,99.94,2000,buy,6/17/2007 11:31
49,EGS70171C011,29.14,2000,sell,6/17/2007 11:31
50,EGS30701C014,55.05,3000,sell,6/17/2007 11:31
51,EGS70191C019,54.99,5000,buy,6/17/2007 11:31
52,EGS10001C013,99.97,1500,sell,6/17/2007 11:31
53,EGS3C341C012,37.46,450,buy,6/17/2007 11:31
54,EGS38241C013,38.21,2000,sell,6/17/2007 11:31
55,EGS52071C015,50.16,250,buy,6/17/2007 11:31
56,EGS33171C017,41.81,2500,buy,6/17/2007 11:31
57,EGBGD00932V9,100.04,10000,buy,6/17/2007 11:31
58,EGS74021C014,53.53,45000,buy,6/17/2007 11:31
59,EGS42162C015,56.62,4000,sell,6/17/2007 11:31
60,EGS30831C019,33.2,2000,sell,6/17/2007 11:31
61,EGS74111C013,56.66,2500,sell,6/17/2007 11:31
62,EGS69111C010,44.22,3500,sell,6/17/2007 11:31
63,EGBGH00111F9,99.94,350,buy,6/17/2007 11:31
64,EGS3C271C011,55.02,500,sell,6/17/2007 11:31
65,EGS21301C014,37.48,3500,buy,6/17/2007 11:31
66,EGBGD00242V3,99.94,500,sell,6/17/2007 11:31
67,EGS74111C013,56.72,3000,buy,6/17/2007 11:31
68,EGS65661C018,47.33,400,buy,6/17/2007 11:31
69,EGS30591C019,47.3,150,buy,6/17/2007 11:31
70,EGS370W1C013,99.94,4500,sell,6/17/2007 11:31
71,EGS70P91C010,100,500,buy,6/17/2007 11:31
72,EGBGD00862V8,100.01,4500,buy,6/17/2007 11:31
73,EGS50131C019,24.49,3000,buy,6/17/2007 11:31
74,EGS221V1C015,100.02,3000,buy,6/17/2007 11:31
75,EGS23131C013,37.78,4500,buy,6/17/2007 11:31
76,EGB48011G018,99.94,200,sell,6/17/2007 11:31
77,EGS65471C012,50.55,4500,buy,6/17/2007 11:31
78,EGS35021C012,17.45,500,buy,6/17/2007 11:31
79,EGS30551C013,17.45,2500,sell,6/17/2007 11:31
80,EGS745W1C011,100.02,4000,buy,6/17/2007 11:31
81,EGBGD01072V3,99.94,5000,buy,6/17/2007 11:31
82,EGS30601C016,113.6,5000,buy,6/17/2007 11:31
83,EGS50581C015,41.81,4000,sell,6/17/2007 11:31
84,EGS60041C018,56.64,2000,buy,6/17/2007 11:31
85,EGS38041C017,29.02,1000,buy,6/17/2007 11:31
86,EGS52071C015,50.19,1000,buy,6/17/2007 11:31
87,EGS69141C017,50.49,4500,sell,6/17/2007 11:31
88,EGS73151C010,37.44,2000,sell,6/17/2007 11:31
89,EGS65631C011,18.72,1500,sell,6/17/2007 11:31
90,EGS3E151C013,82.91,1500,sell,6/17/2007 11:31
91,EGS38421C011,82.95,3500,sell,6/17/2007 11:31
92,EGBGD00302V5,99.92,1000,buy,6/17/2007 11:31
93,EGBGH00011F1,100,500,buy,6/17/2007 11:31
94,EGS70321C012,50.07,3000,sell,6/17/2007 11:31
95,EGS21101C018,47.3,3000,buy,6/17/2007 11:31
96,EGS50521C011,50.67,2000,buy,6/17/2007 11:31
97,EGS41051C011,24.51,1000,buy,6/17/2007 11:31
98,EGS38152C012,50.53,2500,sell,6/17/2007 11:31
99,EGBGD00722V4,99.98,1500,buy,6/17/2007 11:31
100,EGBGD00252V2,99.99,1000,sell,6/17/2007 11:31
101,EGS01101C012,24.49,2000,buy,6/17/2007 11:31
102,EGBGD01262V0,99.96,300,sell,6/17/2007 11:31
103,EGBGD00362V9,99.96,2000,buy,6/17/2007 11:31
104,EGS38131C016,54.99,250,buy,6/17/2007 11:31
105,EGS22081C011,113.58,15000,buy,6/17/2007 11:31
106,EGS38321C013,18.74,1000,sell,6/17/2007 11:31
107,EGBGD01102V8,99.92,500,sell,6/17/2007 11:31
108,EGS3C211C017,37.45,2500,buy,6/17/2007 11:31
109,EGS745L1C014,100.02,500,buy,6/17/2007 11:31
110,EGS21151C013,23.18,500,buy,6/17/2007 11:31
111,EGS3D081C013,49.88,4000,buy,6/17/2007 11:31
112,EGS3A241C016,18.68,3500,buy,6/17/2007 11:31
113,EGS02021C011,55.03,4000,sell,6/17/2007 11:31
114,EGS32181C017,41.81,3500,buy,6/17/2007 11:31
115,EGS02081C015,49.84,3500,buy,6/17/2007 11:31
116,EGS30051C014,53.44,15000,sell,6/17/2007 11:31
117,EGS3G121C014,50.79,250,buy,6/17/2007 11:31
118,EGS01121C010,113.57,1500,sell,6/17/2007 11:31
119,EGS65141C011,56.73,3000,buy,6/17/2007 11:31
120,EGS30071C012,29.1,4000,buy,6/17/2007 11:31
121,EGS55031C016,27.92,3500,sell,6/17/2007 11:31
122,EGBGD00402V3,100.01,4000,buy,6/17/2007 11:31
123,EGS23071C011,38.33,1500,buy,6/17/2007 11:31
124,EGBGD00202V7,100.02,2500,buy,6/17/2007 11:31
125,EGS38021C019,18.68,2500,buy,6/17/2007 11:31
126,EGS3C511C010,50.69,1000,sell,6/17/2007 11:31
127,EGS30641C012,59.5,500,sell,6/17/2007 11:31
128,EGS3D031C018,55.05,3500,buy,6/17/2007 11:31
129,EGS38451C018,55.07,5000,buy,6/17/2007 11:31
130,EGBGD01272V9,99.98,4500,sell,6/17/2007 11:31
131,EGS73061C011,41.85,2500,buy,6/17/2007 11:31
132,EGS07011C017,50.73,3500,buy,6/17/2007 11:31
133,EGB60081G014,99.98,20000,sell,6/17/2007 11:31
134,EGS3H021C015,82.87,4000,sell,6/17/2007 11:31
135,EGS3G191C017,50.51,3500,sell,6/17/2007 11:31
136,EGS67181C015,999.96,5000,sell,6/17/2007 11:31
137,EGS60301C016,12.2,2000,buy,6/17/2007 11:31
138,EGS58001C016,50.71,30000,buy,6/17/2007 11:31
139,EGS673T1C012,99.98,45000,buy,6/17/2007 11:31
140,EGS3H111C014,9.61,2000,buy,6/17/2007 11:31
141,EGS38581C012,33.2,500,buy,6/17/2007 11:31
142,EGBGR00011F9,100,2000,buy,6/17/2007 11:31
143,EGS62161C012,53.14,25000,sell,6/17/2007 11:31
144,EGS68221C018,24.55,5000,buy,6/17/2007 11:31
145,EGS02111C010,27.92,2000,buy,6/17/2007 11:31
146,EGBGD00042V7,99.92,5000,sell,6/17/2007 11:31
147,EGS3A091C015,17.58,1000,sell,6/17/2007 11:31
148,EGS69031B905,999.99,3500,sell,6/17/2007 11:31
149,EGS3D092C010,31.1,4500,sell,6/17/2007 11:31
150,EGBGD00292V8,99.98,2500,sell,6/17/2007 11:31
151,EGS01141C018,37.43,2000,sell,6/17/2007 11:31
152,EGS65961C012,23.16,4500,sell,6/17/2007 11:31
153,EGS38451C018,55.08,500,buy,6/17/2007 11:31
154,EGBGD00352V0,99.98,15000,sell,6/17/2007 11:31
155,EGS30351C018,82.97,4000,buy,6/17/2007 11:31
156,EGS50401C016,37.62,4000,buy,6/17/2007 11:31
157,EGS33031C013,24.45,3000,sell,6/17/2007 11:31
158,EGS50461C010,113.58,300,sell,6/17/2007 11:31
159,EGS01032C019,23.89,4500,buy,6/17/2007 11:31
160,EGS651U1C015,41.79,5000,buy,6/17/2007 11:31
161,EGBGD00332V2,100.02,50000,buy,6/17/2007 11:31
162,EGS30791C015,28.02,1000,buy,6/17/2007 11:31
163,EGB690R1S643,100,3500,sell,6/17/2007 11:31
164,EGS01071C017,37.64,3000,buy,6/17/2007 11:31
165,EGBGD01132V5,100,1500,buy,6/17/2007 11:31
166,EGBGD01242V2,100,3500,buy,6/17/2007 11:31
167,EGS30261C019,47.28,5000,sell,6/17/2007 11:31
168,EGS44121C019,37.66,500,buy,6/17/2007 11:31
169,EGS650K1C018,38.27,2500,buy,6/17/2007 11:31
170,EGS73221C011,12.2,3500,sell,6/17/2007 11:31
171,EGB38381G017,99.99,2000,sell,6/17/2007 11:31
172,EGS21391C015,24.47,3500,buy,6/17/2007 11:31
173,EGS68011C013,82.93,5000,sell,6/17/2007 11:31
174,EGS221U1C016,99.96,5000,buy,6/17/2007 11:31
175,EGBGD00732V3,100.01,4500,buy,6/17/2007 11:31
176,EGS3C221C016,59.46,500,sell,6/17/2007 11:31
177,EGS21211C015,55.03,1000,sell,6/17/2007 11:31
178,EGS3C031C019,53.18,500,buy,6/17/2007 11:31
179,EGS31011C017,12.24,4000,buy,6/17/2007 11:31
180,EGS41021C014,37.69,35000,sell,6/17/2007 11:31
181,EGBGD00492V4,100.06,4000,buy,6/17/2007 11:31
182,EGS62161C012,53.11,50,sell,6/17/2007 11:31
183,EGS30321C011,23.2,5000,buy,6/17/2007 11:31
184,EGS51181C013,50.55,500,sell,6/17/2007 11:31
185,EGS3C361C010,50.13,1000,buy,6/17/2007 11:31
186,EGS50131C019,24.53,30000,buy,6/17/2007 11:31
187,EGS70281C018,37.47,3000,sell,6/17/2007 11:31
188,EGS95011D018,11.04,1000,buy,6/17/2007 11:31
189,EGS21551C014,56.62,4000,sell,6/17/2007 11:31
190,EGS52021C010,31.02,200,buy,6/17/2007 11:31
191,EGS70291C017,27.96,4000,sell,6/17/2007 11:31
192,EGS62111C017,29.12,500,sell,6/17/2007 11:31
193,EGS68041C010,41.84,3500,sell,6/17/2007 11:31
194,EGS23181C018,113.56,1500,sell,6/17/2007 11:31
195,EGBGD01222V4,99.92,3000,sell,6/17/2007 11:31
196,EGS62091C011,53.46,40000,buy,6/17/2007 11:31
197,EGS68151C017,38.24,2500,sell,6/17/2007 11:31
198,EGS30271C018,113.57,1000,sell,6/17/2007 11:31
199,EGS521T1C016,99.98,25000,buy,6/17/2007 11:31
200,EGS65221C011,49.86,5000,sell,6/17/2007 11:31
201,EGBGD01462V6,99.98,2500,sell,6/17/2007 11:31
202,EGS70401C012,113.58,300,buy,6/17/2007 11:31
203,EGS60121C018,17.39,200,sell,6/17/2007 11:31
204,EGS50321C016,31.06,2500,sell,6/17/2007 11:31
205,EGS23181C018,113.52,350,sell,6/17/2007 11:31
206,EGS360A1C011,29.16,4500,buy,6/17/2007 11:31
207,EGB690R1S593,99.94,1500,buy,6/17/2007 11:31
208,EGS51201C019,17.65,4500,buy,6/17/2007 11:31
209,EGS72301C012,23.16,2500,buy,6/17/2007 11:31
210,EGS3C421C012,24.41,3000,sell,6/17/2007 11:31
211,EGS70501C019,55.03,50000,sell,6/17/2007 11:31
212,EGBGD00222V5,100.04,4000,buy,6/17/2007 11:31
213,EGS21391C015,24.53,3500,buy,6/17/2007 11:31
214,EGS50071C017,38.25,1500,buy,6/17/2007 11:31
215,EGS38141C015,41.82,500,sell,6/17/2007 11:31
216,EGS3C071C015,49.93,20000,buy,6/17/2007 11:31
217,EGS33081C018,37.45,1000,sell,6/17/2007 11:31
218,EGS60231C015,49.88,5000,buy,6/17/2007 11:31
219,EGS21541C015,17.53,2500,buy,6/17/2007 11:31
220,EGS3A211C019,12.18,4500,sell,6/17/2007 11:31
221,EGS62171C011,17.57,2000,buy,6/17/2007 11:31
222,EGS73171C018,38.17,3000,buy,6/17/2007 11:31
223,EGB690R1S551,99.97,50,sell,6/17/2007 11:31
224,EGS69261C013,99.97,300,sell,6/17/2007 11:31
225,EGS02201C019,24.49,5000,sell,6/17/2007 11:31
226,EGS72181C018,25.36,3500,sell,6/17/2007 11:31
227,EGS73221C011,12.16,4000,sell,6/17/2007 11:31
228,EGS21041C016,33.28,3000,buy,6/17/2007 11:31
229,EGS02251C014,37.45,3500,buy,6/17/2007 11:31
230,EGS67131C010,17.45,500,sell,6/17/2007 11:31
231,EGS65701C012,37.45,5000,buy,6/17/2007 11:31
232,EGB70191N015,100.04,4500,buy,6/17/2007 11:31
233,EGS74061C010,55.05,2500,sell,6/17/2007 11:31
234,EGS70391C015,28.98,4000,sell,6/17/2007 11:31
235,EGS3J031C012,33.28,1000,buy,6/17/2007 11:31
236,EGS62221C014,31.06,4500,sell,6/17/2007 11:31
237,EGS3C451C019,113.58,5000,buy,6/17/2007 11:31
238,EGS34021C013,12.22,1500,buy,6/17/2007 11:31
239,EGS380P1C010,99.94,4500,sell,6/17/2007 11:31
240,EGS62231C013,27.9,2000,sell,6/17/2007 11:31
241,EGS65771C015,55.13,500,buy,6/17/2007 11:31
242,EGS01181C014,53.45,1500,sell,6/17/2007 11:31
243,EGS691G1C015,99.99,4500,sell,6/17/2007 11:31
244,EGS67131C010,17.43,1500,sell,6/17/2007 11:31
245,EGB692C1S192,99.98,2500,sell,6/17/2007 11:31
246,EGS33131C011,53.37,4500,buy,6/17/2007 11:31
247,EGS62061C014,59.5,500,sell,6/17/2007 11:31
248,EGS21361C018,37.67,2000,sell,6/17/2007 11:31
249,EGS30581C010,28.97,4000,sell,6/17/2007 11:31
250,EGBGD00902V2,99.96,1500,sell,6/17/2007 11:31
251,EGS3E211C015,53.17,2000,buy,6/17/2007 11:31
252,EGS650B1C019,44.26,500,buy,6/17/2007 11:31
253,EGS47021C018,37.41,5000,buy,6/17/2007 11:31
254,EGS53031C018,18.74,50000,buy,6/17/2007 11:31
255,EGS32051C012,29,500,buy,6/17/2007 11:31
256,EGBGH00261F2,99.96,1000,sell,6/17/2007 11:31
257,EGS36011C012,113.55,30000,sell,6/17/2007 11:31
258,EGBGD00162V3,99.94,2500,sell,6/17/2007 11:31
259,EGS22031C016,17.41,1500,sell,6/17/2007 11:31
260,EGS44062C015,27.88,4000,buy,6/17/2007 11:31
261,EGS650R1C011,24.41,3500,buy,6/17/2007 11:31
262,EGB690R1S635,100,1000,sell,6/17/2007 11:31
263,EGS921U1C019,100.01,4000,buy,6/17/2007 11:31
264,EGBGD01492V3,100,2500,sell,6/17/2007 11:31
265,EGS68131C019,37.48,1500,sell,6/17/2007 11:31
266,EGS30401C011,53.08,2500,buy,6/17/2007 11:31
267,EGS21041C016,33.32,3000,buy,6/17/2007 11:31
268,EGS21261C010,15.75,2500,sell,6/17/2007 11:31
269,EGS50241C016,82.91,450,buy,6/17/2007 11:31
270,EGS3C0O1C016,99.97,25000,sell,6/17/2007 11:31
271,EGS37041C018,9.73,3000,buy,6/17/2007 11:31
272,EGS21551C014,56.7,4000,sell,6/17/2007 11:31
273,EGS650X1C013,82.87,150,sell,6/17/2007 11:31
274,EGS67231C018,29.16,2500,buy,6/17/2007 11:31
275,EGBGD01052V5,100.02,1500,buy,6/17/2007 11:31
276,EGS30141C013,31.1,4500,buy,6/17/2007 11:31
277,EGS3I0S1C019,100,2500,sell,6/17/2007 11:31
278,EGS36011C012,113.57,400,sell,6/17/2007 11:31
279,EGS3A351C013,53.41,1000,sell,6/17/2007 11:31
280,EGBGD01022V8,100,2500,sell,6/17/2007 11:31
281,EGS21661C011,25.4,4000,sell,6/17/2007 11:31
282,EGS3G321C010,17.37,1000,sell,6/17/2007 11:31
283,EGS33181C016,50.55,2500,sell,6/17/2007 11:31
284,EGS72221C012,18.78,4500,buy,6/17/2007 11:31
285,EGS3G111C015,23.16,250,sell,6/17/2007 11:31
286,EGS65931C015,113.58,2500,buy,6/17/2007 11:31
287,EGBGD00632V5,99.94,3000,sell,6/17/2007 11:31
288,EGS23061C012,27.94,1500,sell,6/17/2007 11:31
289,EGS74131C011,9.65,2000,sell,6/17/2007 11:31
290,EGS30531C015,12.18,2500,buy,6/17/2007 11:31
291,EGS30801C012,38.23,1500,sell,6/17/2007 11:31
292,EGS79111C018,100.01,5000,buy,6/17/2007 11:31
293,EGS07061C012,55.01,1500,sell,6/17/2007 11:31
294,EGS30431C018,15.78,4500,buy,6/17/2007 11:31
295,EGS70691C018,18.7,2000,buy,6/17/2007 11:31
296,EGS3A251C015,24.53,25000,buy,6/17/2007 11:31
297,EGS65811C019,17.57,3500,sell,6/17/2007 11:31
298,EGS65601C014,12.21,5000,sell,6/17/2007 11:31
299,EGB600B1G017,99.96,3500,sell,6/17/2007 11:31
300,EGS50631C018,9.65,1000,sell,6/17/2007 11:31
301,EGS33171C017,41.77,5000,sell,6/17/2007 11:31
302,EGBGH00081F4,100,4500,buy,6/17/2007 11:31
303,EGS30901C010,99.96,1000,sell,6/17/2007 11:31
304,EGS3E191C019,41.79,500,sell,6/17/2007 11:31
305,EGBGD01262V0,100.01,5000,buy,6/17/2007 11:31
306,EGS67121C011,12.24,1500,buy,6/17/2007 11:31
307,EGS50471C019,999.94,500,sell,6/17/2007 11:31
308,EGS3E241C012,15.76,2000,sell,6/17/2007 11:31
309,EGS68221C018,24.45,10000,sell,6/17/2007 11:31
310,EGS53021C019,17.43,1000,sell,6/17/2007 11:31
311,EGS39061C014,99.92,15000,buy,6/17/2007 11:31
312,EGS51021C011,24.43,1000,buy,6/17/2007 11:31
313,EGBGD01152V3,100.06,1500,buy,6/17/2007 11:31
314,EGS50711C018,25.42,20000,buy,6/17/2007 11:31
315,EGS651A1C019,28,1500,buy,6/17/2007 11:31
316,EGBGD00702V6,99.94,2500,buy,6/17/2007 11:31
317,EGS37101C010,50.19,4500,buy,6/17/2007 11:31
318,EGB3C501L018,99.92,2500,buy,6/17/2007 11:31
319,EGS69261C013,99.96,25000,sell,6/17/2007 11:31
320,EGS65381C013,59.5,5000,buy,6/17/2007 11:31
321,EGS02271C012,23.16,1000,sell,6/17/2007 11:31
322,EGS50411C015,17.45,500,sell,6/17/2007 11:31
323,EGS3A221C018,37.7,10000,sell,6/17/2007 11:31
324,EGBGR00051F5,100.04,2000,buy,6/17/2007 11:31
325,EGS3A211C019,12.19,3500,sell,6/17/2007 11:31
326,EGS650X1C013,82.95,2000,buy,6/17/2007 11:31
327,EGBGH00101F0,100.03,1000,buy,6/17/2007 11:31
328,EGS65201C013,56.7,4000,sell,6/17/2007 11:31
329,EGBGD00942V8,99.94,4000,sell,6/17/2007 11:31
330,EGS53011C010,37.62,20000,buy,6/17/2007 11:31
331,EGS65031C014,37.41,2000,sell,6/17/2007 11:31
332,EGS65511C015,9.57,2000,sell,6/17/2007 11:31
333,EGS67401C017,37.62,2500,buy,6/17/2007 11:31
334,EGS694B1C017,100.04,2000,buy,6/17/2007 11:31
335,EGS58011C015,53.41,4000,sell,6/17/2007 11:31
336,EGBGD01072V3,100,1000,buy,6/17/2007 11:31
337,EGS10011C012,56.73,3000,buy,6/17/2007 11:31
338,EGS30521C016,25.38,2000,sell,6/17/2007 11:31
339,EGS70601C017,27.88,5000,sell,6/17/2007 11:31
340,EGS3J2D1C012,99.98,5000,sell,6/17/2007 11:31
341,EGS30451C016,49.9,2000,sell,6/17/2007 11:31
342,EGS67242C015,44.28,2500,buy,6/17/2007 11:31
343,EGB690R1S627,99.92,3000,buy,6/17/2007 11:31
344,EGS3A011C013,53.39,4000,buy,6/17/2007 11:31
345,EGS55091C010,12.2,1000,sell,6/17/2007 11:31
346,EGB3C252G018,100,4000,buy,6/17/2007 11:31
347,EGS21381C016,18.7,3000,buy,6/17/2007 11:31
348,EGS30091C010,41.81,3000,buy,6/17/2007 11:31
349,EGS650H1C013,49.87,2000,sell,6/17/2007 11:31
350,EGS68111C011,49.89,1000,sell,6/17/2007 11:31
351,EGS38611C017,37.68,1000,sell,6/17/2007 11:31
352,EGS48011C018,53.44,500,sell,6/17/2007 11:31
353,EGS22061C013,28.96,3000,sell,6/17/2007 11:31
354,EGBGD00992V3,100.02,4000,buy,6/17/2007 11:31
355,EGS651K1C025,113.5,4500,buy,6/17/2007 11:31
356,EGS50461C010,113.54,2500,buy,6/17/2007 11:31
357,EGS67291C012,17.61,1000,sell,6/17/2007 11:31
358,EGB600F1G013,100.04,2000,buy,6/17/2007 11:31
359,EGB600E1G014,100.02,2000,buy,6/17/2007 11:31
360,EGS30331C010,50.77,500,buy,6/17/2007 11:31
361,EGS30071C012,29.16,2500,buy,6/17/2007 11:31
362,EGS651F1C014,37.7,5000,sell,6/17/2007 11:31
363,EGS21251C011,17.53,1000,sell,6/17/2007 11:31
364,EGB690R1S619,100.06,20000,buy,6/17/2007 11:31
365,EGS70521C017,50.53,500,buy,6/17/2007 11:31
366,EGS3I021C014,31.06,4000,buy,6/17/2007 11:31
367,EGS50081C016,23.89,1000,buy,6/17/2007 11:31
368,EGS50481C018,37.43,2000,buy,6/17/2007 11:31
369,EGS30231C012,18.72,3500,buy,6/17/2007 11:31
370,EGB692C1S184,100,450,sell,6/17/2007 11:31
371,EGS65031C014,37.44,4000,sell,6/17/2007 11:31
372,EGS52021C010,31.11,150,buy,6/17/2007 11:31
373,EGS79011C010,17.45,4000,buy,6/17/2007 11:31
374,EGS68161C016,50.15,2500,buy,6/17/2007 11:31
375,EGS73241C019,17.41,4500,buy,6/17/2007 11:31
376,EGS32141C011,82.91,3000,sell,6/17/2007 11:31
377,EGS70101C018,113.57,2000,sell,6/17/2007 11:31
378,EGS79081C013,15.78,3000,sell,6/17/2007 11:31
379,EGS38391C016,59.48,2500,buy,6/17/2007 11:31
380,EGS38521C018,31.07,40000,sell,6/17/2007 11:31
381,EGS21182C018,82.89,2500,buy,6/17/2007 11:31
382,EGS21201C016,44.26,20000,buy,6/17/2007 11:31
383,EGS380G1C011,99.96,500,sell,6/17/2007 11:31
384,EGS67371C012,23.87,4500,sell,6/17/2007 11:31
385,EGS65201C013,56.64,40000,buy,6/17/2007 11:31
386,EGS70711B909,47.24,2500,sell,6/17/2007 11:31
387,EGS72AQ1C016,100.03,4000,buy,6/17/2007 11:31
388,EGS50341C014,28,3500,buy,6/17/2007 11:31
389,EGS22031C016,17.43,1500,sell,6/17/2007 11:31
390,EGS380P1C010,99.96,4000,sell,6/17/2007 11:31
391,EGS42151C018,17.61,3500,sell,6/17/2007 11:31
392,EGS50231C017,53.48,5000,buy,6/17/2007 11:31
393,EGS58011C015,53.42,2000,sell,6/17/2007 11:31
394,EGS38321C013,18.78,1500,buy,6/17/2007 11:31
395,EGS651L1C016,37.43,40000,sell,6/17/2007 11:31
396,EGS3G091C019,37.39,3500,sell,6/17/2007 11:31
397,EGS3E221C014,17.59,300,buy,6/17/2007 11:31
398,EGS3G111C015,23.12,2500,sell,6/17/2007 11:31
399,EGS30621C014,37.42,3500,sell,6/17/2007 11:31
400,EGBGD00382V7,99.94,3500,sell,6/17/2007 11:31
401,EGS01121C010,113.56,45000,sell,6/17/2007 11:31
402,EGS30031C016,23.1,3000,sell,6/17/2007 11:31
403,EGS02001C013,82.95,5000,sell,6/17/2007 11:31
404,EGS65201C013,56.68,2000,sell,6/17/2007 11:31
405,EGS69101C011,29.11,1500,sell,6/17/2007 11:31
406,EGS21481C014,82.91,4500,sell,6/17/2007 11:31
407,EGS42021C013,113.58,500,sell,6/17/2007 11:31
408,EGS74131C011,9.63,2500,buy,6/17/2007 11:31
409,EGS50671C014,27.93,1500,sell,6/17/2007 11:31
410,EGS3A251C015,24.49,1500,sell,6/17/2007 11:31
411,EGS70092C019,24.52,3500,buy,6/17/2007 11:31
412,EGS3H091C018,17.67,1500,buy,6/17/2007 11:31
413,EGS22071C012,47.28,3500,sell,6/17/2007 11:31
414,EGS62171C011,17.63,4000,buy,6/17/2007 11:31
415,EGS60171C013,59.52,200,buy,6/17/2007 11:31
416,EGS38551C015,38.21,500,sell,6/17/2007 11:31
417,EGBGD00372V8,99.98,40000,sell,6/17/2007 11:31
418,EGS30901C010,99.94,1500,sell,6/17/2007 11:31
419,EGS3G191C017,50.51,150,sell,6/17/2007 11:31
420,EGS70361C018,37.66,3000,sell,6/17/2007 11:31
421,EGBGD00152V4,99.98,5000,sell,6/17/2007 11:31
422,EGS68111C011,49.9,4000,buy,6/17/2007 11:31
423,EGS36121C019,41.83,3500,sell,6/17/2007 11:31
424,EGB690R1S635,100,2000,buy,6/17/2007 11:31
425,EGBGD01062V4,99.98,400,sell,6/17/2007 11:31
426,EGS30521C016,25.38,3000,sell,6/17/2007 11:31
427,EGS3G311C011,37.7,3500,sell,6/17/2007 11:31
428,EGS50311C017,49.86,10000,sell,6/17/2007 11:31
429,EGS3A201C010,25.32,4500,sell,6/17/2007 11:31
430,EGBGH00301V3,99.96,4000,sell,6/17/2007 11:31
431,EGBGD00302V5,99.98,4000,sell,6/17/2007 11:31
432,EGS44051C018,37.42,4500,sell,6/17/2007 11:31
433,EGS70521C017,50.51,1000,buy,6/17/2007 11:31
434,EGS48011C018,53.39,45000,sell,6/17/2007 11:31
435,EGS33141C010,82.91,4000,sell,6/17/2007 11:31
436,EGS650Z1C011,55.01,1000,sell,6/17/2007 11:31
437,EGB692C1S192,99.96,4000,buy,6/17/2007 11:31
438,EGS3G311C011,37.68,4500,sell,6/17/2007 11:31
439,EGS650Q1C012,18.8,3000,buy,6/17/2007 11:31
440,EGS73051C012,54.99,1500,buy,6/17/2007 11:31
441,EGS681I1C015,99.96,2500,buy,6/17/2007 11:31
442,EGS691D1C018,99.98,1500,sell,6/17/2007 11:31
443,EGB600F1G021,99.94,2500,buy,6/17/2007 11:31
444,EGS3C271C011,55.03,50000,buy,6/17/2007 11:31
445,EGS60182C010,99.99,1500,sell,6/17/2007 11:31
446,EGS65841C016,31.04,3500,buy,6/17/2007 11:31
447,EGS3D0C1C018,99.99,1500,sell,6/17/2007 11:31
448,EGS50301C018,9.61,2000,sell,6/17/2007 11:31
449,EGS3F011C018,37.48,4000,sell,6/17/2007 11:31
450,EGS54041C016,41.81,35000,buy,6/17/2007 11:31
451,EGS3G0Z1C014,100.06,15000,buy,6/17/2007 11:31
452,EGS33191C015,53.06,1500,buy,6/17/2007 11:31
453,EGS22051C014,24.52,2500,buy,6/17/2007 11:31
454,EGS3G011C017,37.68,4500,sell,6/17/2007 11:31
455,EGS3A141C018,37.45,4000,sell,6/17/2007 11:31
456,EGS62171C011,17.61,3500,sell,6/17/2007 11:31
457,EGS52031C019,37.46,2500,sell,6/17/2007 11:31
458,EGS67281C013,53.1,5000,buy,6/17/2007 11:31
459,EGS50681C013,38.25,1500,sell,6/17/2007 11:31
460,EGS01121C010,113.54,4000,sell,6/17/2007 11:31
461,EGS72071C011,44.24,500,sell,6/17/2007 11:31
462,EGS65891C011,17.43,1000,sell,6/17/2007 11:31
463,EGS30521C016,25.48,1500,buy,6/17/2007 11:31
464,EGS36062C015,23.21,25000,buy,6/17/2007 11:31
465,EGS65011C016,113.58,2500,sell,6/17/2007 11:31
466,EGS650X1C013,82.91,40000,buy,6/17/2007 11:31
467,EGS3A251C015,24.45,3500,sell,6/17/2007 11:31
468,EGB600E1G014,99.92,2500,sell,6/17/2007 11:31
469,EGS54011C019,29.18,1000,buy,6/17/2007 11:31
470,EGS51061C017,1000,2500,sell,6/17/2007 11:31
471,EGS30731C011,56.66,3500,buy,6/17/2007 11:31
472,EGS73101C015,56.7,5000,sell,6/17/2007 11:31
473,EGS70141C014,23.16,1500,buy,6/17/2007 11:31
474,EGS3C081C014,31.14,5000,buy,6/17/2007 11:31
475,EGS30631C013,37.41,3500,sell,6/17/2007 11:31
476,EGBGD00322V3,100.03,5000,buy,6/17/2007 11:31
477,EGBGD01292V7,99.92,4500,buy,6/17/2007 11:31
478,EGS740C1C010,100,4500,buy,6/17/2007 11:31
479,EGS72261C018,113.56,2500,sell,6/17/2007 11:31
480,EGS65741C018,82.95,5000,buy,6/17/2007 11:31
481,EGS3G301C012,12.23,40000,buy,6/17/2007 11:31
482,EGS44151C016,28.94,3500,buy,6/17/2007 11:31
483,EGS68091C015,15.74,1000,sell,6/17/2007 11:31
484,EGBGD01202V6,99.94,1000,buy,6/17/2007 11:31
485,EGS62061C014,59.46,2000,sell,6/17/2007 11:31
486,EGB67321G017,99.98,5000,sell,6/17/2007 11:31
487,EGBGD01072V3,99.97,1000,sell,6/17/2007 11:31
488,EGS21011C019,38.23,4000,sell,6/17/2007 11:31
489,EGS21541C015,17.53,4500,buy,6/17/2007 11:31
490,EGBGH00391F7,99.97,5000,sell,6/17/2007 11:31
491,EGBGH00271F1,99.98,500,sell,6/17/2007 11:31
492,EGS60221C016,17.62,4000,buy,6/17/2007 11:31
493,EGS3D011C010,82.91,5000,buy,6/17/2007 11:31
494,EGS56011C017,113.58,4500,buy,6/17/2007 11:31
495,EGS53081C013,50.72,4000,sell,6/17/2007 11:31
496,EGS50331C015,37.44,2500,buy,6/17/2007 11:31
497,EGS3E261C010,49.82,3500,sell,6/17/2007 11:31
498,EGS72211C013,17.53,3000,buy,6/17/2007 11:31
499,EGS30721C012,53.12,1000,buy,6/17/2007 11:31
500,EGS21541C015,17.57,25000,buy,6/17/2007 11:31
501,EGS01091C015,18.72,1000,buy,6/17/2007 11:31
502,EGS3E211C015,53.12,3000,buy,6/17/2007 11:31
503,EGS01111C011,29,1000,buy,6/17/2007 11:31
504,EGS651Q1C011,82.97,1000,buy,6/17/2007 11:31
505,EGS65441C015,44.26,4500,buy,6/17/2007 11:31
506,EGBGD01242V2,100,2000,buy,6/17/2007 11:31
507,EGS30841C018,25.34,2000,sell,6/17/2007 11:31
508,EGBGD00382V7,100,2500,buy,6/17/2007 11:31
509,EGS65251C018,27.9,1000,buy,6/17/2007 11:31
510,EGS47052C013,23.15,500,sell,6/17/2007 11:31
511,EGS72271C017,1000,5000,sell,6/17/2007 11:31
512,EGS38301C015,37.62,1000,sell,6/17/2007 11:31
513,EGS380G1C011,99.94,2000,sell,6/17/2007 11:31
514,EGS60081C014,27.96,10000,sell,6/17/2007 11:31
515,EGS33231C019,9.57,5000,buy,6/17/2007 11:31
516,EGS3D061C015,15.84,1000,buy,6/17/2007 11:31
517,EGS42071C018,50.72,2500,sell,6/17/2007 11:31
518,EGS74071C019,41.85,2000,sell,6/17/2007 11:31
519,EGS21451C017,59.54,1500,buy,6/17/2007 11:31
520,EGS70151C013,50.79,5000,buy,6/17/2007 11:31
521,EGS3G401C010,37.46,4000,buy,6/17/2007 11:31
522,EGS3C221C024,23.24,4000,buy,6/17/2007 11:31
523,EGS41011C015,12.21,2000,sell,6/17/2007 11:31
524,EGS73191P018,50.21,1000,buy,6/17/2007 11:31
525,EGS30011C018,37.42,40000,sell,6/17/2007 11:31
526,EGBGD00972V5,99.94,2500,buy,6/17/2007 11:31
527,EGS3C221C016,59.5,1500,buy,6/17/2007 11:31
528,EGBGH00251F3,100.03,1500,buy,6/17/2007 11:31
529,EGS512O1C012,99.94,500,sell,6/17/2007 11:31
530,EGS01131C019,999.98,1000,sell,6/17/2007 11:31
531,EGS01041C010,50.13,2000,buy,6/17/2007 11:31
532,EGS62071C013,23.1,4500,sell,6/17/2007 11:31
533,EGS38391C016,59.51,1500,buy,6/17/2007 11:31
534,EGS3E241C012,15.7,5000,sell,6/17/2007 11:31
535,EGS50651C016,31.02,500,buy,6/17/2007 11:31
536,EGB3D071X016,99.99,3500,sell,6/17/2007 11:31
537,EGBGD01182V0,99.96,2000,sell,6/17/2007 11:31
538,EGS3C421C012,24.47,1000,buy,6/17/2007 11:31
539,EGS65861C014,38.21,1000,sell,6/17/2007 11:31
540,EGS3G401C010,37.51,2500,buy,6/17/2007 11:31
541,EGS33151C019,29.14,3500,sell,6/17/2007 11:31
542,EGBGD00432V0,100,1000,buy,6/17/2007 11:31
543,EGS70721C013,1000.01,3500,buy,6/17/2007 11:31
544,EGS3A321C016,59.42,3500,sell,6/17/2007 11:31
545,EGS33291C013,50.12,5000,sell,6/17/2007 11:31
546,EGS3D0C1C018,99.96,2000,sell,6/17/2007 11:31
547,EGS68021C012,29.14,4000,sell,6/17/2007 11:31
548,EGBGD01122V6,100.08,1000,buy,6/17/2007 11:31
549,EGS071L1C018,100,1500,buy,6/17/2007 11:31
550,EGS30021C017,59.42,3000,sell,6/17/2007 11:31
551,EGBGD01452V7,99.94,2000,sell,6/17/2007 11:31
552,EGS650X1C013,82.79,4500,sell,6/17/2007 11:31
553,EGS73122C011,9.65,5000,sell,6/17/2007 11:31
554,EGS70551C014,56.68,4000,sell,6/17/2007 11:31
555,EGS52021C010,31.1,3500,sell,6/17/2007 11:31
556,EGS55091C010,12.2,500,sell,6/17/2007 11:31
557,EGS74021C014,53.44,15000,sell,6/17/2007 11:31
558,EGS50361C012,50.14,25000,sell,6/17/2007 11:31
559,EGS01061C018,25.38,2000,sell,6/17/2007 11:31
560,EGS62081C012,50.74,3000,sell,6/17/2007 11:31
561,EGB690R1S593,99.94,40000,buy,6/17/2007 11:31
562,EGS67311C018,15.74,1500,sell,6/17/2007 11:31
563,EGS76021C012,27.9,2000,buy,6/17/2007 11:31
564,EGS54081C012,15.78,4000,buy,6/17/2007 11:31
565,EGBGD00802V4,100.08,350,buy,6/17/2007 11:31
566,EGB690R1S353,100.03,2500,buy,6/17/2007 11:31
567,EGS73151C010,37.54,3500,buy,6/17/2007 11:31
568,EGB690R1S585,99.92,3000,buy,6/17/2007 11:31
569,EGS10001C013,99.99,3500,sell,6/17/2007 11:31
570,EGB600B1G017,99.94,500,sell,6/17/2007 11:31
571,EGS21501C019,44.26,450,sell,6/17/2007 11:31
572,EGS42011C014,47.34,1000,buy,6/17/2007 11:31
573,EGS3G231C011,15.7,2500,buy,6/17/2007 11:31
574,EGS650K1C018,38.19,4000,buy,6/17/2007 11:31
575,EGBGD00932V9,99.97,4000,sell,6/17/2007 11:31
576,EGB690R1S551,99.98,500,buy,6/17/2007 11:31
577,EGS30711C013,41.85,50000,sell,6/17/2007 11:31
578,EGS380G1C011,99.98,3500,sell,6/17/2007 11:31
579,EGS70371C017,18.68,30000,sell,6/17/2007 11:31
580,EGS02141C017,50.14,2500,sell,6/17/2007 11:31
581,EGS67001C015,55.13,2000,buy,6/17/2007 11:31
582,EGS72151C011,49.93,4000,buy,6/17/2007 11:31
583,EGBGD00892V5,100.08,2500,buy,6/17/2007 11:31
584,EGS65211C012,100.08,4000,buy,6/17/2007 11:31
585,EGS3A261C014,28.97,2500,sell,6/17/2007 11:31
586,EGS52061C016,23.89,1000,buy,6/17/2007 11:31
587,EGS300C1C012,17.53,100,sell,6/17/2007 11:31
588,EGS30541C014,37.66,4000,sell,6/17/2007 11:31
589,EGS60331C013,24.45,1500,buy,6/17/2007 11:31
590,EGBGD00212V6,99.96,4000,sell,6/17/2007 11:31
591,EGS38301C015,37.7,3000,buy,6/17/2007 11:31
592,EGS38081C013,23.17,5000,sell,6/17/2007 11:31
593,EGS70381C016,24.41,2500,buy,6/17/2007 11:31
594,EGS65971C011,50.75,2500,buy,6/17/2007 11:31
595,EGS54081C012,15.72,40000,sell,6/17/2007 11:31
596,EGBGD01022V8,99.92,150,buy,6/17/2007 11:31
597,EGS65941C014,37.43,1500,sell,6/17/2007 11:31
598,EGS70581C011,49.82,100,sell,6/17/2007 11:31
599,EGBGD01112V7,100,3000,sell,6/17/2007 11:31
600,EGS690C1C010,99.92,4000,buy,6/17/2007 11:31
601,EGS01071C017,37.69,3500,sell,6/17/2007 11:31
602,EGS3A001C014,50.73,20000,buy,6/17/2007 11:31
603,EGS380G1C011,99.98,4500,sell,6/17/2007 11:31
604,EGS36051C018,59.44,3000,buy,6/17/2007 11:31
605,EGS3C071C015,49.88,2500,buy,6/17/2007 11:31
606,EGS50481C018,37.41,4000,sell,6/17/2007 11:31
607,EGB65301N017,99.99,2500,sell,6/17/2007 11:31
608,EGS32261C017,31.02,1500,sell,6/17/2007 11:31
609,EGS21091C011,24.49,5000,sell,6/17/2007 11:31
610,EGS50201C010,59.47,25000,sell,6/17/2007 11:31
611,EGS65351C016,1000.08,500,buy,6/17/2007 11:31
612,EGS30431C018,15.84,50,buy,6/17/2007 11:31
613,EGBGH00321V1,99.96,1500,sell,6/17/2007 11:31
614,EGS67111C012,33.24,3500,sell,6/17/2007 11:31
615,EGS65421C017,82.99,1500,buy,6/17/2007 11:31
616,EGS3A131C019,31.07,1500,sell,6/17/2007 11:31
617,EGBGD00142V5,99.94,3000,sell,6/17/2007 11:31
618,EGS233E1C012,100.03,500,buy,6/17/2007 11:31
619,EGS69031B905,1000,3000,buy,6/17/2007 11:31
620,EGS22131C014,50.83,4000,buy,6/17/2007 11:31
621,EGS60191C011,44.24,30000,sell,6/17/2007 11:31
622,EGS50701C019,33.26,4000,sell,6/17/2007 11:31
623,EGBGD00592V1,100.04,5000,buy,6/17/2007 11:31
624,EGS38381C017,37.41,3000,sell,6/17/2007 11:31
625,EGS50421C014,18.8,1500,buy,6/17/2007 11:31
626,EGS02211C018,28.96,2000,sell,6/17/2007 11:31
627,EGS73271C016,28.96,3000,sell,6/17/2007 11:31
628,EGS73161C019,27.88,2500,buy,6/17/2007 11:31
629,EGBGD01482V4,100,1000,buy,6/17/2007 11:31
630,EGBGD00902V2,99.96,4500,sell,6/17/2007 11:31
631,EGBGD00332V2,100,4000,sell,6/17/2007 11:31
632,EGS67201C011,23.24,250,buy,6/17/2007 11:31
633,EGS3A301C018,37.45,2000,sell,6/17/2007 11:31
634,EGS60241C014,28,5000,buy,6/17/2007 11:31
635,EGS50201C010,59.54,1500,buy,6/17/2007 11:31
636,EGS51211C018,56.7,3000,buy,6/17/2007 11:31
637,EGS73321C019,37.45,5000,sell,6/17/2007 11:31
638,EGBGD01222V4,99.94,5000,sell,6/17/2007 11:31
639,EGS3E191C019,41.85,3500,sell,6/17/2007 11:31
640,EGBGD00582V2,99.98,1000,buy,6/17/2007 11:31
641,EGBGD00142V5,99.96,4000,sell,6/17/2007 11:31
642,EGS739Z1C016,100.06,2000,buy,6/17/2007 11:31
643,EGS41011C015,12.22,4500,sell,6/17/2007 11:31
644,EGS651H1C012,24.43,1000,sell,6/17/2007 11:31
645,EGS42001C015,29.08,2000,buy,6/17/2007 11:31
646,EGS68091C015,15.74,4000,sell,6/17/2007 11:31
647,EGB600D1L015,99.99,200,sell,6/17/2007 11:31
648,EGB690R1S643,99.99,2000,sell,6/17/2007 11:31
649,EGB690R1S668,99.96,3000,sell,6/17/2007 11:31
650,EGS01171C015,50.73,1500,buy,6/17/2007 11:31
651,EGB694K1S026,100.04,4000,buy,6/17/2007 11:31
652,EGS60211C017,53.12,400,sell,6/17/2007 11:31
653,EGBGD01142V4,100,500,buy,6/17/2007 11:31
654,EGS21461C016,50.73,1000,sell,6/17/2007 11:31
655,EGS67461C011,113.58,3000,sell,6/17/2007 11:31
656,EGS01131C019,999.98,4500,sell,6/17/2007 11:31
657,EGS50051C019,37.48,50,buy,6/17/2007 11:31
658,EGS50021C012,9.63,4000,buy,6/17/2007 11:31
659,EGS33121C012,50.79,3000,buy,6/17/2007 11:31
660,EGS65931C015,113.66,1000,buy,6/17/2007 11:31
661,EGS42031C012,1000.04,2000,buy,6/17/2007 11:31
662,EGS70451C017,23.18,500,sell,6/17/2007 11:31
663,EGS21441C018,37.43,3000,buy,6/17/2007 11:31
664,EGS50631C018,9.62,4000,sell,6/17/2007 11:31
665,EGS54051C015,50.51,1000,sell,6/17/2007 11:31
666,EGS73541P048,99.94,2000,buy,6/17/2007 11:31
667,EGB600D1G023,99.96,1000,sell,6/17/2007 11:31
668,EGS21182C018,83.03,2000,buy,6/17/2007 11:31
669,EGS34021C013,12.22,3000,sell,6/17/2007 11:31
670,EGS3C441C010,47.24,4500,sell,6/17/2007 11:31
671,EGS3C371C019,33.24,50000,sell,6/17/2007 11:31
672,EGBGD01082V2,99.94,4000,buy,6/17/2007 11:31
673,EGS65081C019,53.39,4000,sell,6/17/2007 11:31
674,EGS33191C015,53.06,5000,sell,6/17/2007 11:31
675,EGS3A081C016,53.08,4000,buy,6/17/2007 11:31
676,EGS55041C015,38.31,40000,buy,6/17/2007 11:31
677,EGBGD00032V8,99.98,3000,sell,6/17/2007 11:31
678,EGS3H091C018,17.61,2500,buy,6/17/2007 11:31
679,EGS23041C014,31.04,5000,sell,6/17/2007 11:31
680,EGS921U1C019,99.98,500,buy,6/17/2007 11:31
681,EGS79141C015,100.03,4500,buy,6/17/2007 11:31
682,EGS3G151C011,29.12,500,sell,6/17/2007 11:31
683,EGS44151C016,29.04,450,buy,6/17/2007 11:31
684,EGS22201C015,50.54,5000,sell,6/17/2007 11:31
685,EGS79011C010,17.43,1000,sell,6/17/2007 11:31
686,EGB48011G018,99.97,5000,sell,6/17/2007 11:31
687,EGS380R1C018,99.97,250,sell,6/17/2007 11:31
688,EGBGD01032V7,99.98,5000,sell,6/17/2007 11:31
689,EGS60252C011,38.25,4500,buy,6/17/2007 11:31
690,EGS57011C016,37.45,350,buy,6/17/2007 11:31
691,EGS3C351C011,38.28,3000,buy,6/17/2007 11:31
692,EGS39011C019,113.56,1000,sell,6/17/2007 11:31
693,EGS3A191C013,33.24,2000,sell,6/17/2007 11:31
694,EGS50461C010,113.56,4500,sell,6/17/2007 11:31
695,EGBGD00112V8,100.08,4500,buy,6/17/2007 11:31
696,EGS60282C018,33.32,1000,buy,6/17/2007 11:31
697,EGS38261C011,50.13,1500,sell,6/17/2007 11:31
698,EGS21511C018,55.07,1500,buy,6/17/2007 11:31
699,EGS02061C017,15.78,2500,buy,6/17/2007 11:31
700,EGS550K1C019,99.98,4000,buy,6/17/2007 11:31
701,EGS65011C016,113.5,3500,buy,6/17/2007 11:31
702,EGS23021C016,9.57,4000,buy,6/17/2007 11:31
703,EGBGD00192V0,100,2500,buy,6/17/2007 11:31
704,EGS673Y1C015,100,1000,buy,6/17/2007 11:31
705,EGS30521C016,25.3,1000,sell,6/17/2007 11:31
706,EGS305I1C011,99.98,40000,sell,6/17/2007 11:31
707,EGS36081C015,53.45,1500,buy,6/17/2007 11:31
708,EGS65051C012,59.5,4000,buy,6/17/2007 11:31
709,EGS65711C029,23.14,30000,sell,6/17/2007 11:31
710,EGS651C1C017,23.89,40000,buy,6/17/2007 11:31
711,EGS60321C014,17.41,4000,sell,6/17/2007 11:31
712,EGBGD00072V4,100,3500,sell,6/17/2007 11:31
713,EGBGD00842V0,99.99,250,sell,6/17/2007 11:31
714,EGS70092C019,24.49,1000,buy,6/17/2007 11:31
715,EGS68151C017,38.21,4000,sell,6/17/2007 11:31
716,EGS50451C011,47.29,1500,sell,6/17/2007 11:31
717,EGB690R1S387,100,2000,buy,6/17/2007 11:31
718,EGS73061C011,41.85,4000,sell,6/17/2007 11:31
719,EGS42162C015,56.62,2000,buy,6/17/2007 11:31
720,EGS70501C019,55.01,3000,buy,6/17/2007 11:31
721,EGS3F041C015,50.19,2000,buy,6/17/2007 11:31
722,EGS76011C013,37.42,4500,sell,6/17/2007 11:31
723,EGS02091C014,31.1,20000,sell,6/17/2007 11:31
724,EGS01081C016,17.45,20000,sell,6/17/2007 11:31
725,EGS14021C017,37.42,2000,sell,6/17/2007 11:31
726,EGBGD01222V4,100.01,1000,buy,6/17/2007 11:31
727,EGBGD00202V7,99.99,500,sell,6/17/2007 11:31
728,EGS65071C010,50.67,1500,buy,6/17/2007 11:31
729,EGS35031C011,18.78,2000,buy,6/17/2007 11:31
730,EGS13011C019,15.82,1000,buy,6/17/2007 11:31
731,EGS51231C016,9.66,1000,buy,6/17/2007 11:31
732,EGS3E261C010,49.82,3500,buy,6/17/2007 11:31
733,EGS50651C016,31.12,2500,buy,6/17/2007 11:31
734,EGBGR00021F8,99.99,4500,sell,6/17/2007 11:31
735,EGS01181C014,53.39,10000,sell,6/17/2007 11:31
736,EGS30511C017,33.29,4000,buy,6/17/2007 11:31
737,EGBGH00301V3,99.96,3000,sell,6/17/2007 11:31
738,EGS65791C013,50.55,2000,sell,6/17/2007 11:31
739,EGS65391C012,23.14,5000,sell,6/17/2007 11:31
740,EGS23161C010,24.43,2000,sell,6/17/2007 11:31
741,EGS21171C011,53.41,3000,sell,6/17/2007 11:31
742,EGS67291C012,17.61,500,sell,6/17/2007 11:31
743,EGS3C4P1C011,99.98,500,sell,6/17/2007 11:31
744,EGS3C211C017,37.41,3000,sell,6/17/2007 11:31
745,EGS21521C017,41.89,3000,buy,6/17/2007 11:31
746,EGS22211C014,53.14,500,sell,6/17/2007 11:31
747,EGS500A1C012,25.4,4000,buy,6/17/2007 11:31
748,EGS38001C011,12.2,5000,sell,6/17/2007 11:31
749,EGS22171C010,44.26,5000,sell,6/17/2007 11:31
750,EGS3G211C013,17.57,450,sell,6/17/2007 11:31
751,EGS3G161C010,44.25,5000,sell,6/17/2007 11:31
752,EGS651S1C019,44.22,500,buy,6/17/2007 11:31
753,EGB692C1S127,100,1500,buy,6/17/2007 11:31
754,EGS21431C019,1000.01,250,buy,6/17/2007 11:31
755,EGS79051B901,59.5,3500,sell,6/17/2007 11:31
756,EGS21301C014,37.44,1000,sell,6/17/2007 11:31
757,EGS21091C011,24.47,150,buy,6/17/2007 11:31
758,EGS42141C019,53.12,4500,buy,6/17/2007 11:31
759,EGS72101C016,53.13,1000,sell,6/17/2007 11:31
760,EGS72291C015,59.44,1500,buy,6/17/2007 11:31
761,EGS07071C011,41.87,200,buy,6/17/2007 11:31
762,EGS50251C015,41.81,2500,buy,6/17/2007 11:31
763,EGS38601C018,12.26,5000,buy,6/17/2007 11:31
764,EGBGD01422V0,100.04,500,buy,6/17/2007 11:31
765,EGS68121C010,31.12,4000,buy,6/17/2007 11:31
766,EGS21151C013,23.18,3000,sell,6/17/2007 11:31
767,EGS33101C014,59.46,300,buy,6/17/2007 11:31
768,EGB690R1S668,100.08,1500,buy,6/17/2007 11:31
769,EGBGH00331V0,100.02,5000,buy,6/17/2007 11:31
770,EGS30191C018,33.25,5000,sell,6/17/2007 11:31
771,EGS02061C017,15.72,2000,sell,6/17/2007 11:31
772,EGS68221C018,24.51,1500,sell,6/17/2007 11:31
773,EGS3D111C018,27.94,1000,sell,6/17/2007 11:31
774,EGS55071C012,33.22,4500,sell,6/17/2007 11:31
775,EGS21161C012,50.76,2000,buy,6/17/2007 11:31
776,EGS72231C011,24.43,3000,sell,6/17/2007 11:31
777,EGBGH00011F1,99.96,500,buy,6/17/2007 11:31
778,EGS37061C016,37.47,2500,sell,6/17/2007 11:31
779,EGS38111C018,29.13,4500,sell,6/17/2007 11:31
780,EGS39061C014,99.96,4500,sell,6/17/2007 11:31
781,EGS73081C019,53.12,250,sell,6/17/2007 11:31
782,EGB694Y1S020,100.01,1500,buy,6/17/2007 11:31
783,EGS44072C014,38.23,4500,buy,6/17/2007 11:31
784,EGS72211C013,17.37,3000,buy,6/17/2007 11:31
785,EGBGD00972V5,99.98,5000,sell,6/17/2007 11:31
786,EGS67331C016,49.9,3500,buy,6/17/2007 11:31
787,EGS65251C018,27.94,3500,sell,6/17/2007 11:31
788,EGS33041C012,29,10000,buy,6/17/2007 11:31
789,EGS650S1C010,47.33,4000,buy,6/17/2007 11:31
790,EGS51231C016,9.57,5000,sell,6/17/2007 11:31
791,EGS23071C011,38.28,4500,buy,6/17/2007 11:31
792,EGS23031C015,49.9,3500,sell,6/17/2007 11:31
793,EGS72091C019,41.77,1000,buy,6/17/2007 11:31
794,EGS02081C015,49.88,4000,sell,6/17/2007 11:31
795,EGS69111C010,44.24,4500,buy,6/17/2007 11:31
796,EGS02231C016,113.58,2500,buy,6/17/2007 11:31
797,EGS65351C016,1000,3500,sell,6/17/2007 11:31
798,EGS30661C010,50.72,3000,sell,6/17/2007 11:31
799,EGS651J1C010,47.22,1500,buy,6/17/2007 11:31
800,EGS74101C014,17.61,3500,buy,6/17/2007 11:31
801,EGS70561C013,15.74,1000,buy,6/17/2007 11:31
802,EGS67521C012,50.67,4500,buy,6/17/2007 11:31
803,EGS52011C011,49.84,4000,buy,6/17/2007 11:31
804,EGS33181C016,50.53,5000,buy,6/17/2007 11:31
805,EGS50661C015,37.46,2500,sell,6/17/2007 11:31
806,EGS50441C012,28.97,4500,sell,6/17/2007 11:31
807,EGBGD00682V0,99.97,15000,sell,6/17/2007 11:31
808,EGS68081C016,56.7,2000,sell,6/17/2007 11:31
809,EGS30021C017,59.47,500,sell,6/17/2007 11:31
810,EGS22191C018,41.81,4000,buy,6/17/2007 11:31
811,EGS3J021C013,50.09,20000,sell,6/17/2007 11:31
812,EGS73251C018,18.74,4500,buy,6/17/2007 11:31
813,EGS70441C018,59.42,450,sell,6/17/2007 11:31
814,EGS38631C015,18.74,1500,buy,6/17/2007 11:31
815,EGS3G121C014,50.73,4500,sell,6/17/2007 11:31
816,EGS3F061C013,25.44,5000,buy,6/17/2007 11:31
817,EGBGD00862V8,99.96,3500,sell,6/17/2007 11:31
818,EGS3G281C016,50.14,5000,sell,6/17/2007 11:31
819,EGS33181C016,50.54,3000,sell,6/17/2007 11:31
820,EGS01111C011,28.92,3500,sell,6/17/2007 11:31
821,EGS37111C019,33.26,500,sell,6/17/2007 11:31
822,EGS67381C011,33.34,150,buy,6/17/2007 11:31
823,EGS50481C018,37.39,4000,sell,6/17/2007 11:31
824,EGS3G321C010,17.41,4500,sell,6/17/2007 11:31
825,EGS38021C019,18.66,2000,sell,6/17/2007 11:31
826,EGBGD00612V7,99.98,15000,buy,6/17/2007 11:31
827,EGS50161C016,113.54,5000,sell,6/17/2007 11:31
828,EGS21021C018,23.89,5000,buy,6/17/2007 11:31
829,EGS38101C019,82.93,1500,buy,6/17/2007 11:31
830,EGS52071C015,50.07,2500,sell,6/17/2007 11:31
831,EGS650G1C014,9.67,3500,buy,6/17/2007 11:31
832,EGS02261C013,59.56,1000,buy,6/17/2007 11:31
833,EGS70391C015,29,3000,buy,6/17/2007 11:31
834,EGS65161C019,9.65,2000,buy,6/17/2007 11:31
835,EGS38491C014,56.74,2000,buy,6/17/2007 11:31
836,EGS50541C019,82.94,500,sell,6/17/2007 11:31
837,EGS67181C015,999.97,400,sell,6/17/2007 11:31
838,EGS3G0Z1C014,99.97,1000,sell,6/17/2007 11:31
839,EGS38121C017,44.32,5000,buy,6/17/2007 11:31
840,EGS62191C019,15.74,4500,sell,6/17/2007 11:31
841,EGS38451C018,55.01,1500,sell,6/17/2007 11:31
842,EGBGD00652V3,99.98,4000,buy,6/17/2007 11:31
843,EGBGD01032V7,99.96,500,sell,6/17/2007 11:31
844,EGBGD01492V3,99.98,35000,buy,6/17/2007 11:31
845,EGB69471S187,100,500,sell,6/17/2007 11:31
846,EGS48011C018,53.41,5000,sell,6/17/2007 11:31
847,EGS3F061C013,25.38,2000,buy,6/17/2007 11:31
848,EGS50161C016,113.52,2000,sell,6/17/2007 11:31
849,EGS70391C015,28.96,3000,sell,6/17/2007 11:31
850,EGS76031C011,38.26,4500,buy,6/17/2007 11:31
851,EGB600E1G014,99.98,5000,sell,6/17/2007 11:31
852,EGBGR00081F2,99.92,2500,sell,6/17/2007 11:31
853,EGS3A081C016,53.12,3000,buy,6/17/2007 11:31
854,EGS30801C012,38.17,2500,buy,6/17/2007 11:31
855,EGS60312C013,37.64,1000,buy,6/17/2007 11:31
856,EGS21631C014,23.89,1000,sell,6/17/2007 11:31
857,EGS38611C017,37.68,250,sell,6/17/2007 11:31
858,EGS65241C019,37.46,500,sell,6/17/2007 11:31
859,EGBGD01032V7,99.98,2000,buy,6/17/2007 11:31
860,EGB690R1S502,99.96,4000,sell,6/17/2007 11:31
861,EGS3H051C012,55.09,1500,buy,6/17/2007 11:31
862,EGS72101C016,53.12,1000,sell,6/17/2007 11:31
863,EGS67021C013,50.49,3000,sell,6/17/2007 11:31
864,EGS694B1C017,99.97,1000,sell,6/17/2007 11:31
865,EGS3G041C014,24.51,500,buy,6/17/2007 11:31
866,EGS50671C014,28,2000,buy,6/17/2007 11:31
867,EGS50391C019,12.25,50000,buy,6/17/2007 11:31
868,EGS30541C014,37.7,3000,sell,6/17/2007 11:31
869,EGS62171C011,17.55,1500,sell,6/17/2007 11:31
870,EGS21161C012,50.71,1500,sell,6/17/2007 11:31
871,EGS72181C018,25.37,4000,sell,6/17/2007 11:31
872,EGS3A151C017,27.96,4500,sell,6/17/2007 11:31
873,EGS72101C016,53.1,1000,sell,6/17/2007 11:31
874,EGS69031B905,999.93,1500,sell,6/17/2007 11:31
875,EGS67281C013,53.14,2500,sell,6/17/2007 11:31
876,EGS51141C017,29.12,300,sell,6/17/2007 11:31
877,EGS34021C013,12.2,4000,sell,6/17/2007 11:31
878,EGS67482C017,37.46,450,buy,6/17/2007 11:31
879,EGS30821C010,50.12,2000,sell,6/17/2007 11:31
880,EGS50531C010,53.37,5000,buy,6/17/2007 11:31
881,EGS30251C010,28.92,3500,sell,6/17/2007 11:31
882,EGS67201C011,23.16,4000,buy,6/17/2007 11:31
883,EGBGH00261F2,100,150,sell,6/17/2007 11:31
884,EGS3C411C013,18.8,4500,buy,6/17/2007 11:31
885,EGS79141C015,99.94,5000,buy,6/17/2007 11:31
886,EGS3A021C012,82.94,1500,sell,6/17/2007 11:31
887,EGS44091C014,50.11,4500,sell,6/17/2007 11:31
888,EGS62251C011,50.15,5000,sell,6/17/2007 11:31
889,EGBGD00372V8,99.92,1000,sell,6/17/2007 11:31
890,EGS67281C013,53.12,2000,sell,6/17/2007 11:31
891,EGS32031C014,18.72,1000,buy,6/17/2007 11:31
892,EGBGD00792V7,99.92,4500,buy,6/17/2007 11:31
893,EGBGD01202V6,100.03,2000,buy,6/17/2007 11:31
894,EGS65771C015,54.99,3500,sell,6/17/2007 11:31
895,EGS21491C013,29.08,4000,sell,6/17/2007 11:31
896,EGS74801C019,100.03,1000,buy,6/17/2007 11:31
897,EGBGH00311V2,99.98,3500,sell,6/17/2007 11:31
898,EGS3D051C016,56.66,1000,sell,6/17/2007 11:31
899,EGS09011C015,17.59,5000,sell,6/17/2007 11:31
900,EGS48031C016,55.04,150,sell,6/17/2007 11:31
901,EGS67311C018,15.8,1000,buy,6/17/2007 11:31
902,EGS70501C019,55.01,1000,sell,6/17/2007 11:31
903,EGS60111C019,12.18,1500,buy,6/17/2007 11:31
904,EGS73031C014,29.08,5000,buy,6/17/2007 11:31
905,EGS32061C011,47.29,5000,sell,6/17/2007 11:31
906,EGS68131C019,37.42,2000,buy,6/17/2007 11:31
907,EGS3E061C014,47.32,3000,buy,6/17/2007 11:31
908,EGS44131C018,17.46,3000,buy,6/17/2007 11:31
909,EGS02021C011,55.03,1500,sell,6/17/2007 11:31
910,EGS10011C012,56.68,20000,sell,6/17/2007 11:31
911,EGS38271C010,33.28,3000,sell,6/17/2007 11:31
912,EGBGD00512V9,99.92,500,buy,6/17/2007 11:31
913,EGS52071C015,50.13,3000,sell,6/17/2007 11:31
914,EGS3E271C019,31.1,4500,sell,6/17/2007 11:31
915,EGS32181C017,41.83,150,sell,6/17/2007 11:31
916,EGBGD00332V2,100.02,4000,buy,6/17/2007 11:31
917,EGS65711C029,23.14,4000,buy,6/17/2007 11:31
918,EGBGD01152V3,99.94,3000,sell,6/17/2007 11:31
919,EGS23011C017,15.76,200,sell,6/17/2007 11:31
920,EGS30391C014,50.55,1500,buy,6/17/2007 11:31
921,EGS65911C017,29.04,2500,buy,6/17/2007 11:31
922,EGBGD00192V0,100,2500,buy,6/17/2007 11:31
923,EGS51011C012,18.66,1500,buy,6/17/2007 11:31
924,EGS3G281C016,50.23,400,buy,6/17/2007 11:31
925,EGS32101C015,59.49,2500,sell,6/17/2007 11:31
926,EGS650U1C016,37.41,50,sell,6/17/2007 11:31
927,EGS380S1C017,100,5000,sell,6/17/2007 11:31
928,EGS67171C016,47.26,2000,sell,6/17/2007 11:31
929,EGBGD00922V0,99.94,2500,sell,6/17/2007 11:31
930,EGS681D1C010,99.98,2500,sell,6/17/2007 11:31
931,EGBGD00742V2,100.02,4000,buy,6/17/2007 11:31
932,EGS21603C013,37.42,2000,sell,6/17/2007 11:31
933,EGBGH00071F5,99.96,500,sell,6/17/2007 11:31
934,EGS67191C022,59.44,1500,buy,6/17/2007 11:31
935,EGS38511C027,49.9,1000,sell,6/17/2007 11:31
936,EGS32201C013,53.22,5000,buy,6/17/2007 11:31
937,EGB692C1S150,100.02,3500,buy,6/17/2007 11:31
938,EGS67091C016,38.17,4000,sell,6/17/2007 11:31
939,EGBGR00011F9,99.94,3000,sell,6/17/2007 11:31
940,EGS62091C011,53.45,4000,sell,6/17/2007 11:31
941,EGS3C161C014,17.45,4000,sell,6/17/2007 11:31
942,EGS01031C011,38.25,500,buy,6/17/2007 11:31
943,EGS72101C016,53.16,500,buy,6/17/2007 11:31
944,EGS3C421C012,24.39,4000,sell,6/17/2007 11:31
945,EGS60221C016,17.58,1000,sell,6/17/2007 11:31
946,EGS30251C010,29.02,3500,buy,6/17/2007 11:31
947,EGS21021C018,23.87,1500,sell,6/17/2007 11:31
948,EGS21051C015,25.4,4500,buy,6/17/2007 11:31
949,EGS01131C019,1000.04,3000,buy,6/17/2007 11:31
950,EGS21541C015,17.64,3500,buy,6/17/2007 11:31
951,EGS73281C015,47.3,3500,buy,6/17/2007 11:31
952,EGS30051C014,53.39,1500,sell,6/17/2007 11:31
953,EGBGD01242V2,99.96,1500,buy,6/17/2007 11:31
954,EGB600F1G039,99.96,3000,buy,6/17/2007 11:31
955,EGBGD00972V5,100,5000,buy,6/17/2007 11:31
956,EGS67061C019,31.07,2000,sell,6/17/2007 11:31
957,EGS21151C013,23.1,3500,sell,6/17/2007 11:31
958,EGS62061C014,59.46,5000,buy,6/17/2007 11:31
959,EGBGD01202V6,100.06,4000,buy,6/17/2007 11:31
960,EGS49131C013,99.98,2000,sell,6/17/2007 11:31
961,EGS65501C016,15.74,2000,sell,6/17/2007 11:31
962,EGS69041C019,37.43,1500,buy,6/17/2007 11:31
963,EGBGD01142V4,100.02,3000,buy,6/17/2007 11:31
964,EGS3C261C012,44.2,3000,buy,6/17/2007 11:31
965,EGS651L1C016,37.43,2500,buy,6/17/2007 11:31
966,EGS44151C016,28.92,450,sell,6/17/2007 11:31
967,EGS3E211C015,53.14,500,buy,6/17/2007 11:31
968,EGS67142C017,18.7,25000,buy,6/17/2007 11:31
969,EGS650Y1C012,29.1,4500,sell,6/17/2007 11:31
970,EGS70331C011,33.28,4500,buy,6/17/2007 11:31
971,EGS22141C013,53.43,2500,sell,6/17/2007 11:31
972,EGS67261C015,41.89,3000,buy,6/17/2007 11:31
973,EGS21351C019,12.24,4500,buy,6/17/2007 11:31
974,EGS51151C016,44.2,1500,buy,6/17/2007 11:31
975,EGS3H011C016,53.41,4500,buy,6/17/2007 11:31
976,EGS50691C012,50.09,3000,sell,6/17/2007 11:31
977,EGS51191C012,53.14,3000,sell,6/17/2007 11:31
978,EGS37031C019,15.74,1000,sell,6/17/2007 11:31
979,EGS38291C018,12.25,3500,buy,6/17/2007 11:31
980,EGS72121C014,56.72,25000,buy,6/17/2007 11:31
981,EGS38531C017,37.42,500,sell,6/17/2007 11:31
982,EGB3D071X016,99.96,3000,sell,6/17/2007 11:31
983,EGS38511C027,49.86,4000,sell,6/17/2007 11:31
984,EGS3A221C018,37.74,4000,buy,6/17/2007 11:31
985,EGBGD01262V0,99.9,5000,sell,6/17/2007 11:31
986,EGS60301C016,12.22,5000,buy,6/17/2007 11:31
987,EGS3A251C015,24.61,2500,buy,6/17/2007 11:31
988,EGS60262C010,23.85,1500,sell,6/17/2007 11:31
989,EGS729J1C018,99.98,2500,sell,6/17/2007 11:31
990,EGS30AL1C012,100.06,2000,buy,6/17/2007 11:31
991,EGS50101C012,12.28,3500,buy,6/17/2007 11:31
992,EGS30531C015,12.16,3000,sell,6/17/2007 11:31
993,EGS3A101C012,15.7,50000,sell,6/17/2007 11:31
994,EGS38481C015,17.59,2000,sell,6/17/2007 11:31
